condition,env,group,SR,Sub_SR_tau_095,success_once
pretrain15,L0_TwoRobotStirSpoon-v1,seen,1.0,1.0,1.0
pretrain15,L1_TwoRobotStirSpoon-v1,seen,0.9,0.9333333333333332,0.9
pretrain15,L2_TwoRobotStirSpoon-v1,seen,0.4,0.75,0.4
pretrain15,L3_TwoRobotStirSpoon-v1,seen,0.1,0.1,0.1
pretrain15,L0_TwoRobotPlacePlateRack-v1,seen,0.7,0.7,0.7
pretrain15,L1_TwoRobotPlacePlateRack-v1,seen,0.8,0.8,0.8
pretrain15,L2_TwoRobotPlacePlateRack-v1,seen,0.9,1.0,1.0
pretrain15,L3_TwoRobotPlacePlateRack-v1,seen,0.7,0.7,0.7
pretrain15,L0_TwoRobotPlaceFileFolder-v1,seen,1.0,1.0,1.0
pretrain15,L1_TwoRobotPlaceFileFolder-v1,seen,0.5,0.64,0.5
pretrain15,L2_TwoRobotPlaceFileFolder-v1,seen,0.3,0.44000000000000006,0.3
pretrain15,L3_TwoRobotPlaceFileFolder-v1,seen,1.0,1.0,1.0
pretrain15,L0_TwoRobotFoldTowel-v1,seen,1.0,1.0,1.0
pretrain15,L1_TwoRobotFoldTowel-v1,seen,1.0,1.0,1.0
pretrain15,L2_TwoRobotFoldTowel-v1,seen,0.9,0.9833333333333334,0.9
pretrain15,L3_TwoRobotFoldTowel-v1,seen,0.8,0.9833333333333334,0.9
pretrain15,L0_TwoRobotPlaceMugRack-v1,seen,1.0,1.0,1.0
pretrain15,L1_TwoRobotPlaceMugRack-v1,seen,1.0,1.0,1.0
pretrain15,L2_TwoRobotPlaceMugRack-v1,seen,0.6,1.0,1.0
pretrain15,L3_TwoRobotPlaceMugRack-v1,seen,1.0,1.0,1.0
pretrain15,L0_TwoRobotPickRemoteControl-v1,unseen,0.0,0.0,0.0
pretrain15,L1_TwoRobotPickRemoteControl-v1,unseen,0.0,0.0,0.0
pretrain15,L2_TwoRobotPickRemoteControl-v1,unseen,0.0,0.0,0.0
pretrain15,L3_TwoRobotPickRemoteControl-v1,unseen,0.0,0.0,0.0
pretrain15,L0_TwoRobotScanMilkBox-v1,unseen,0.0,0.0,0.0
pretrain15,L1_TwoRobotScanMilkBox-v1,unseen,0.0,0.0,0.0
pretrain15,L2_TwoRobotScanMilkBox-v1,unseen,0.0,0.0,0.0
pretrain15,L3_TwoRobotScanMilkBox-v1,unseen,0.0,0.0,0.0
pretrain15,L0_TwoRobotPourKettle-v1,unseen,0.0,0.0,0.0
pretrain15,L1_TwoRobotPourKettle-v1,unseen,0.0,0.0,0.0
pretrain15,L2_TwoRobotPourKettle-v1,unseen,0.0,0.0,0.0
pretrain15,L3_TwoRobotPourKettle-v1,unseen,0.0,0.0,0.0
pretrain15,L0_TwoRobotPickFood-v1,unseen,0.0,0.0,0.0
pretrain15,L1_TwoRobotPickFood-v1,unseen,0.0,0.0,0.0
pretrain15,L2_TwoRobotPickFood-v1,unseen,0.0,0.0,0.0
pretrain15,L3_TwoRobotPickFood-v1,unseen,0.0,0.0,0.0
pretrain15,L0_TwoRobotFoldBox-v1,unseen,0.0,0.0,0.0
pretrain15,L1_TwoRobotFoldBox-v1,unseen,0.8,0.8,0.8
pretrain15,L2_TwoRobotFoldBox-v1,unseen,0.0,0.0,0.0
pretrain15,L3_TwoRobotFoldBox-v1,unseen,0.0,0.0,0.0
scratch5,L0_TwoRobotPickRemoteControl-v1,unseen,1.0,1.0,1.0
scratch5,L1_TwoRobotPickRemoteControl-v1,unseen,1.0,1.0,1.0
scratch5,L2_TwoRobotPickRemoteControl-v1,unseen,0.9,0.9,0.9
scratch5,L3_TwoRobotPickRemoteControl-v1,unseen,1.0,1.0,1.0
scratch5,L0_TwoRobotScanMilkBox-v1,unseen,1.0,1.0,1.0
scratch5,L1_TwoRobotScanMilkBox-v1,unseen,1.0,1.0,1.0
scratch5,L2_TwoRobotScanMilkBox-v1,unseen,1.0,1.0,1.0
scratch5,L3_TwoRobotScanMilkBox-v1,unseen,1.0,1.0,1.0
scratch5,L0_TwoRobotPourKettle-v1,unseen,0.4,0.7333333333333334,0.4
scratch5,L1_TwoRobotPourKettle-v1,unseen,0.3,0.5666666666666667,0.3
scratch5,L2_TwoRobotPourKettle-v1,unseen,0.0,0.0,0.0
scratch5,L3_TwoRobotPourKettle-v1,unseen,1.0,1.0,1.0
scratch5,L0_TwoRobotPickFood-v1,unseen,1.0,1.0,1.0
scratch5,L1_TwoRobotPickFood-v1,unseen,1.0,1.0,1.0
scratch5,L2_TwoRobotPickFood-v1,unseen,0.5,0.7,0.5
scratch5,L3_TwoRobotPickFood-v1,unseen,1.0,1.0,1.0
scratch5,L0_TwoRobotFoldBox-v1,unseen,1.0,1.0,1.0
scratch5,L1_TwoRobotFoldBox-v1,unseen,1.0,1.0,1.0
scratch5,L2_TwoRobotFoldBox-v1,unseen,1.0,1.0,1.0
scratch5,L3_TwoRobotFoldBox-v1,unseen,1.0,1.0,1.0
finetune5,L0_TwoRobotPickRemoteControl-v1,unseen,1.0,1.0,1.0
finetune5,L1_TwoRobotPickRemoteControl-v1,unseen,1.0,1.0,1.0
finetune5,L2_TwoRobotPickRemoteControl-v1,unseen,0.9,0.9,0.9
finetune5,L3_TwoRobotPickRemoteControl-v1,unseen,1.0,1.0,1.0
finetune5,L0_TwoRobotScanMilkBox-v1,unseen,0.7,0.8666666666666666,0.7
finetune5,L1_TwoRobotScanMilkBox-v1,unseen,0.5,0.7666666666666666,0.5
finetune5,L2_TwoRobotScanMilkBox-v1,unseen,0.9,0.9,0.9
finetune5,L3_TwoRobotScanMilkBox-v1,unseen,0.7,0.82,0.7
finetune5,L0_TwoRobotPourKettle-v1,unseen,0.6,0.6666666666666667,0.6
finetune5,L1_TwoRobotPourKettle-v1,unseen,0.4,0.5333333333333333,0.4
finetune5,L2_TwoRobotPourKettle-v1,unseen,0.0,0.0,0.0
finetune5,L3_TwoRobotPourKettle-v1,unseen,1.0,1.0,1.0
finetune5,L0_TwoRobotPickFood-v1,unseen,0.7,0.9,0.7
finetune5,L1_TwoRobotPickFood-v1,unseen,1.0,1.0,1.0
finetune5,L2_TwoRobotPickFood-v1,unseen,0.0,0.4,0.0
finetune5,L3_TwoRobotPickFood-v1,unseen,1.0,1.0,1.0
finetune5,L0_TwoRobotFoldBox-v1,unseen,0.2,0.2,0.2
finetune5,L1_TwoRobotFoldBox-v1,unseen,1.0,1.0,1.0
finetune5,L2_TwoRobotFoldBox-v1,unseen,1.0,1.0,1.0
finetune5,L3_TwoRobotFoldBox-v1,unseen,1.0,1.0,1.0
