2026/10/06 23:20:09.670, 0, 735, 29.15, 32
2026/10/06 23:20:10.676, 0, 735, 29.22, 32
2026/10/06 23:20:11.677, 0, 735, 29.15, 32
2026/10/06 23:20:12.677, 0, 735, 29.17, 32
2026/10/06 23:20:13.677, 0, 738, 29.13, 32
2026/10/06 23:20:14.677, 0, 738, 28.99, 32
2026/10/06 23:20:15.677, 0, 1215, 48.31, 33
2026/10/06 23:20:16.678, 0, 1215, 68.16, 33
2026/10/06 23:20:17.678, 0, 1215, 67.87, 34
2026/10/06 23:20:18.678, 0, 1215, 68.19, 34
2026/10/06 23:20:19.678, 0, 1215, 68.72, 34
2026/10/06 23:20:20.678, 0, 1215, 68.30, 34
2026/10/06 23:20:21.678, 0, 1215, 68.37, 34
2026/10/06 23:20:22.679, 0, 1215, 68.38, 34
2026/10/06 23:20:23.679, 0, 1215, 68.87, 34
2026/10/06 23:20:24.679, 0, 1215, 68.61, 34
2026/10/06 23:20:25.679, 0, 1215, 68.73, 34
2026/10/06 23:20:26.679, 0, 1215, 68.82, 34
2026/10/06 23:20:27.680, 0, 1215, 68.33, 34
2026/10/06 23:20:28.680, 0, 1215, 68.21, 34
2026/10/06 23:20:29.680, 0, 1215, 68.20, 34
2026/10/06 23:20:30.680, 0, 1215, 68.28, 35
2026/10/06 23:20:31.680, 0, 1215, 68.25, 35
2026/10/06 23:20:32.680, 0, 1215, 50.27, 34
2026/10/06 23:20:33.681, 0, 1331, 33.77, 34
2026/10/06 23:20:34.681, 10, 2209, 83.70, 35
2026/10/06 23:20:35.681, 55, 2209, 176.22, 39
2026/10/06 23:20:36.681, 57, 2209, 169.63, 39
2026/10/06 23:20:37.681, 33, 2209, 159.35, 40
2026/10/06 23:20:38.682, 56, 2209, 160.59, 41
2026/10/06 23:20:39.682, 42, 2209, 160.75, 39
2026/10/06 23:20:40.682, 41, 2209, 160.29, 40
2026/10/06 23:20:41.682, 51, 2209, 162.74, 40
2026/10/06 23:20:42.682, 43, 2209, 156.82, 40
2026/10/06 23:20:43.683, 0, 2209, 92.41, 37
2026/10/06 23:20:44.683, 0, 735, 79.27, 37
2026/10/06 23:20:45.683, 0, 735, 75.13, 37
2026/10/06 23:20:46.683, 0, 735, 56.64, 36
2026/10/06 23:20:47.684, 0, 738, 47.64, 36
2026/10/06 23:20:48.684, 0, 738, 39.16, 35
2026/10/06 23:20:49.684, 0, 1215, 37.40, 35
2026/10/06 23:20:50.684, 0, 1215, 70.54, 36
2026/10/06 23:20:51.684, 0, 1215, 70.97, 36
2026/10/06 23:20:52.684, 0, 1215, 70.55, 36
2026/10/06 23:20:53.685, 0, 1215, 70.46, 36
2026/10/06 23:20:54.685, 0, 1215, 70.62, 37
2026/10/06 23:20:55.685, 0, 1215, 70.55, 37
2026/10/06 23:20:56.685, 0, 1215, 70.49, 37
2026/10/06 23:20:57.685, 0, 1215, 70.10, 37
2026/10/06 23:20:58.685, 0, 1215, 70.24, 37
2026/10/06 23:20:59.686, 0, 1215, 70.42, 37
2026/10/06 23:21:00.686, 0, 1215, 70.70, 37
2026/10/06 23:21:01.686, 0, 1215, 70.76, 37
2026/10/06 23:21:02.686, 0, 1215, 71.27, 37
2026/10/06 23:21:03.686, 0, 1215, 71.21, 37
2026/10/06 23:21:04.686, 0, 1215, 70.83, 37
2026/10/06 23:21:05.687, 0, 1215, 71.07, 37
2026/10/06 23:21:06.687, 0, 1215, 71.05, 37
2026/10/06 23:21:07.687, 0, 1215, 40.28, 36
2026/10/06 23:21:08.687, 12, 1387, 35.12, 36
2026/10/06 23:21:09.687, 4, 2833, 72.75, 37
2026/10/06 23:21:10.688, 67, 3107, 171.25, 43
2026/10/06 23:21:11.688, 70, 3108, 166.18, 42
2026/10/06 23:21:12.688, 26, 3107, 154.21, 40
2026/10/06 23:21:13.688, 34, 3065, 154.90, 43
2026/10/06 23:21:14.689, 69, 3065, 156.12, 41
2026/10/06 23:21:15.689, 18, 3065, 154.47, 41
2026/10/06 23:21:16.689, 70, 3065, 148.91, 43
2026/10/06 23:21:17.689, 20, 3065, 154.92, 44
2026/10/06 23:21:18.690, 54, 3065, 151.40, 44
2026/10/06 23:21:19.690, 37, 3065, 154.77, 41
2026/10/06 23:21:20.690, 53, 3065, 152.86, 45
2026/10/06 23:21:21.690, 41, 3065, 148.06, 44
2026/10/06 23:21:22.690, 63, 3065, 155.43, 41
2026/10/06 23:21:23.691, 0, 3065, 155.57, 42
2026/10/06 23:21:24.691, 67, 3065, 153.21, 43
2026/10/06 23:21:25.691, 27, 3065, 155.96, 43
2026/10/06 23:21:26.691, 0, 3065, 138.67, 43
2026/10/06 23:21:27.691, 0, 3065, 82.77, 40
2026/10/06 23:21:28.692, 0, 693, 75.21, 40
2026/10/06 23:21:29.692, 0, 693, 73.12, 40
2026/10/06 23:21:30.692, 0, 693, 72.24, 40
2026/10/06 23:21:31.692, 0, 693, 48.86, 39
2026/10/06 23:21:32.692, 0, 696, 37.76, 38
2026/10/06 23:21:33.693, 0, 696, 35.17, 38
2026/10/06 23:21:34.693, 0, 1173, 41.54, 39
2026/10/06 23:21:35.693, 0, 1173, 72.10, 39
2026/10/06 23:21:36.693, 0, 1173, 71.17, 39
2026/10/06 23:21:37.693, 0, 1173, 71.40, 39
2026/10/06 23:21:38.693, 0, 1173, 71.28, 39
2026/10/06 23:21:39.694, 0, 1173, 71.35, 39
2026/10/06 23:21:40.694, 0, 1173, 71.61, 39
2026/10/06 23:21:41.694, 0, 1173, 71.61, 39
2026/10/06 23:21:42.694, 0, 1173, 71.38, 39
2026/10/06 23:21:43.694, 0, 1173, 71.79, 39
2026/10/06 23:21:44.695, 0, 1173, 72.50, 39
2026/10/06 23:21:45.695, 0, 1173, 71.43, 39
2026/10/06 23:21:46.695, 0, 1173, 71.28, 39
2026/10/06 23:21:47.695, 0, 1173, 71.24, 39
2026/10/06 23:21:48.695, 0, 1173, 71.34, 39
2026/10/06 23:21:49.695, 0, 1173, 71.26, 39
2026/10/06 23:21:50.696, 0, 1173, 71.48, 39
2026/10/06 23:21:51.696, 0, 1173, 72.09, 39
2026/10/06 23:21:52.696, 0, 1173, 70.27, 39
2026/10/06 23:21:53.696, 0, 1173, 38.77, 38
2026/10/06 23:21:54.696, 0, 1725, 48.55, 39
2026/10/06 23:21:55.697, 10, 4449, 81.05, 39
2026/10/06 23:21:56.697, 83, 4453, 198.99, 46
2026/10/06 23:21:57.697, 58, 4453, 215.23, 42
2026/10/06 23:21:58.697, 64, 4453, 156.23, 43
2026/10/06 23:21:59.697, 7, 4453, 156.32, 47
2026/10/06 23:22:00.698, 0, 4453, 163.79, 47
2026/10/06 23:22:01.698, 50, 4453, 156.20, 42
2026/10/06 23:22:02.698, 16, 4453, 159.67, 42
2026/10/06 23:22:03.698, 43, 4453, 163.22, 43
2026/10/06 23:22:04.698, 84, 4453, 161.69, 47
2026/10/06 23:22:05.699, 8, 4453, 163.64, 45
2026/10/06 23:22:06.699, 0, 4453, 129.01, 44
2026/10/06 23:22:07.699, 0, 4453, 161.23, 42
2026/10/06 23:22:08.699, 7, 4453, 172.32, 43
2026/10/06 23:22:09.699, 64, 4453, 162.47, 43
2026/10/06 23:22:10.700, 80, 4453, 156.93, 44
2026/10/06 23:22:11.700, 66, 4453, 162.31, 45
2026/10/06 23:22:12.700, 48, 4453, 157.13, 49
2026/10/06 23:22:13.700, 23, 4453, 157.32, 48
2026/10/06 23:22:14.700, 0, 4453, 157.41, 48
2026/10/06 23:22:15.700, 0, 4453, 157.21, 47
2026/10/06 23:22:16.701, 0, 4453, 159.28, 43
2026/10/06 23:22:17.701, 0, 4453, 159.58, 44
2026/10/06 23:22:18.701, 0, 4453, 122.69, 49
2026/10/06 23:22:19.701, 0, 4453, 157.62, 49
2026/10/06 23:22:20.702, 0, 4453, 157.49, 46
2026/10/06 23:22:21.702, 29, 4453, 158.61, 44
2026/10/06 23:22:22.702, 87, 4453, 162.30, 45
2026/10/06 23:22:23.702, 87, 4453, 151.24, 46
2026/10/06 23:22:24.702, 47, 4453, 157.68, 50
2026/10/06 23:22:25.703, 0, 4453, 157.77, 50
2026/10/06 23:22:26.703, 0, 4453, 157.93, 49
2026/10/06 23:22:27.703, 0, 4453, 157.97, 46
2026/10/06 23:22:28.703, 0, 4453, 130.57, 45
2026/10/06 23:22:29.704, 0, 4453, 101.82, 44
2026/10/06 23:22:30.704, 0, 693, 80.67, 44
2026/10/06 23:22:31.704, 0, 693, 75.73, 43
2026/10/06 23:22:32.704, 0, 693, 61.36, 42
2026/10/06 23:22:33.704, 0, 693, 54.26, 42
2026/10/06 23:22:34.705, 0, 696, 42.00, 42
2026/10/06 23:22:35.705, 0, 696, 37.68, 42
2026/10/06 23:22:36.705, 12, 1361, 44.98, 42
2026/10/06 23:22:37.705, 27, 3059, 82.78, 44
2026/10/06 23:22:38.705, 0, 3061, 94.06, 44
2026/10/06 23:22:39.705, 0, 3061, 94.29, 43
2026/10/06 23:22:40.706, 27, 3061, 93.80, 43
2026/10/06 23:22:41.706, 24, 3061, 89.81, 43
2026/10/06 23:22:42.706, 0, 3061, 93.65, 46
2026/10/06 23:22:43.706, 3, 3061, 93.55, 43
2026/10/06 23:22:44.707, 27, 3061, 90.64, 43
2026/10/06 23:22:45.707, 11, 3061, 91.55, 43
2026/10/06 23:22:46.707, 0, 3061, 93.66, 44
2026/10/06 23:22:47.707, 13, 3061, 93.91, 43
2026/10/06 23:22:48.707, 27, 3061, 89.93, 43
2026/10/06 23:22:49.708, 8, 3061, 91.96, 43
2026/10/06 23:22:50.708, 0, 3061, 93.50, 44
2026/10/06 23:22:51.709, 3, 3061, 93.94, 43
2026/10/06 23:22:52.709, 27, 3061, 90.14, 43
2026/10/06 23:22:53.709, 15, 3061, 91.65, 43
2026/10/06 23:22:54.709, 0, 3061, 94.35, 45
2026/10/06 23:22:55.709, 1, 3061, 93.55, 43
2026/10/06 23:22:56.710, 27, 3061, 89.43, 43
2026/10/06 23:22:57.710, 15, 3061, 90.53, 43
2026/10/06 23:22:58.710, 0, 3061, 93.03, 44
2026/10/06 23:22:59.710, 0, 3061, 93.10, 43
2026/10/06 23:23:00.710, 27, 3061, 90.11, 43
2026/10/06 23:23:01.711, 15, 3061, 90.60, 43
2026/10/06 23:23:02.711, 0, 3061, 92.22, 45
2026/10/06 23:23:03.711, 0, 3061, 92.14, 43
2026/10/06 23:23:04.711, 27, 3061, 89.92, 43
2026/10/06 23:23:05.711, 17, 3061, 90.14, 43
2026/10/06 23:23:06.712, 0, 3061, 93.58, 45
2026/10/06 23:23:07.712, 1, 3061, 93.29, 43
2026/10/06 23:23:08.712, 27, 3061, 89.75, 43
2026/10/06 23:23:09.712, 16, 3061, 90.89, 43
2026/10/06 23:23:10.712, 0, 3061, 93.46, 45
2026/10/06 23:23:11.713, 0, 3061, 93.89, 43
2026/10/06 23:23:12.713, 27, 3061, 94.05, 43
2026/10/06 23:23:13.713, 24, 3061, 94.33, 43
2026/10/06 23:23:14.713, 0, 3061, 93.72, 46
2026/10/06 23:23:15.713, 0, 3061, 89.49, 43
2026/10/06 23:23:16.714, 20, 3061, 91.54, 43
2026/10/06 23:23:17.714, 27, 3061, 93.46, 43
2026/10/06 23:23:18.714, 4, 3061, 93.75, 43
2026/10/06 23:23:19.715, 0, 3061, 91.21, 44
2026/10/06 23:23:20.715, 12, 3061, 92.14, 43
2026/10/06 23:23:21.715, 0, 3061, 94.85, 43
2026/10/06 23:23:22.715, 12, 3061, 94.58, 44
2026/10/06 23:23:23.715, 27, 3061, 90.29, 43
2026/10/06 23:23:24.716, 0, 3061, 93.79, 43
2026/10/06 23:23:25.716, 0, 3061, 94.58, 43
2026/10/06 23:23:26.716, 14, 3061, 93.23, 45
2026/10/06 23:23:27.716, 27, 3061, 90.21, 43
2026/10/06 23:23:28.716, 0, 3061, 94.27, 43
2026/10/06 23:23:29.717, 0, 3061, 94.23, 43
2026/10/06 23:23:30.717, 18, 3061, 94.06, 45
2026/10/06 23:23:31.717, 27, 3061, 90.10, 43
2026/10/06 23:23:32.717, 12, 3061, 91.91, 43
2026/10/06 23:23:33.717, 0, 3061, 94.36, 43
2026/10/06 23:23:34.718, 0, 3061, 94.21, 43
2026/10/06 23:23:35.718, 27, 3061, 92.79, 44
2026/10/06 23:23:36.718, 0, 3061, 78.10, 43
2026/10/06 23:23:37.718, 0, 693, 75.29, 43
2026/10/06 23:23:38.718, 0, 693, 73.69, 43
2026/10/06 23:23:39.719, 0, 693, 59.49, 42
2026/10/06 23:23:40.719, 0, 696, 38.47, 41
2026/10/06 23:23:41.719, 0, 696, 33.73, 41
2026/10/06 23:23:42.719, 0, 1173, 41.41, 41
2026/10/06 23:23:43.719, 0, 1173, 73.94, 42
2026/10/06 23:23:44.719, 0, 1173, 73.53, 42
2026/10/06 23:23:45.720, 0, 1173, 73.51, 42
2026/10/06 23:23:46.720, 0, 1173, 73.72, 42
2026/10/06 23:23:47.720, 0, 1173, 73.17, 42
2026/10/06 23:23:48.720, 0, 1173, 73.28, 42
2026/10/06 23:23:49.720, 0, 1173, 73.29, 42
2026/10/06 23:23:50.721, 0, 1173, 72.93, 42
2026/10/06 23:23:51.721, 0, 1173, 72.74, 42
2026/10/06 23:23:52.721, 0, 1173, 72.57, 42
2026/10/06 23:23:53.721, 0, 1173, 73.06, 42
2026/10/06 23:23:54.721, 0, 1173, 73.63, 42
2026/10/06 23:23:55.721, 0, 1173, 73.62, 42
2026/10/06 23:23:56.727, 0, 1173, 73.42, 42
2026/10/06 23:23:57.728, 0, 1173, 72.83, 42
2026/10/06 23:23:58.728, 0, 1173, 72.33, 42
2026/10/06 23:23:59.728, 0, 1173, 72.01, 42
2026/10/06 23:24:00.728, 0, 1173, 38.58, 41
2026/10/06 23:24:01.734, 0, 1173, 33.45, 41
2026/10/06 23:24:02.734, 0, 1173, 29.33, 40
2026/10/06 23:24:03.735, 0, 1173, 29.35, 40
2026/10/06 23:24:04.735, 0, 1173, 29.34, 40
2026/10/06 23:24:05.735, 0, 1173, 29.32, 40
2026/10/06 23:24:06.735, 0, 1173, 29.34, 40
2026/10/06 23:24:07.735, 0, 1173, 29.47, 40
2026/10/06 23:24:08.735, 0, 1173, 29.45, 40
2026/10/06 23:24:09.736, 0, 1173, 29.49, 40
2026/10/06 23:24:10.736, 0, 1174, 29.43, 40
2026/10/06 23:24:11.736, 0, 1173, 29.45, 39
2026/10/06 23:24:12.736, 0, 1173, 29.43, 39
2026/10/06 23:24:13.736, 0, 1173, 29.46, 39
2026/10/06 23:24:14.736, 0, 1173, 29.39, 39
2026/10/06 23:24:15.737, 0, 1173, 29.37, 39
2026/10/06 23:24:16.737, 0, 1173, 29.42, 39
2026/10/06 23:24:17.737, 0, 1173, 29.46, 39
2026/10/06 23:24:18.737, 0, 1173, 29.51, 39
2026/10/06 23:24:19.738, 0, 1353, 39.76, 39
2026/10/06 23:24:20.738, 2, 2793, 76.30, 40
2026/10/06 23:24:21.738, 69, 3069, 137.44, 44
2026/10/06 23:24:22.738, 68, 3069, 203.12, 46
2026/10/06 23:24:23.739, 66, 3069, 210.52, 46
2026/10/06 23:24:24.739, 65, 3069, 210.59, 47
2026/10/06 23:24:25.739, 65, 3069, 210.13, 47
2026/10/06 23:24:26.740, 71, 3069, 207.60, 48
2026/10/06 23:24:27.740, 82, 3069, 224.94, 49
2026/10/06 23:24:28.740, 70, 3069, 164.10, 44
2026/10/06 23:24:29.740, 69, 3069, 208.92, 48
2026/10/06 23:24:30.741, 64, 3069, 208.20, 49
2026/10/06 23:24:31.741, 0, 3069, 178.85, 48
2026/10/06 23:24:32.741, 0, 3069, 98.97, 44
