2026/10/06 23:31:25.370, 0, 677, 28.80, 35
2026/10/06 23:31:26.376, 0, 677, 28.79, 35
2026/10/06 23:31:27.376, 0, 677, 28.60, 35
2026/10/06 23:31:28.376, 0, 677, 28.49, 35
2026/10/06 23:31:29.377, 0, 677, 43.92, 35
2026/10/06 23:31:30.377, 0, 680, 63.43, 36
2026/10/06 23:31:31.377, 0, 1222, 58.66, 36
2026/10/06 23:31:32.377, 0, 1222, 69.80, 36
2026/10/06 23:31:33.377, 0, 2374, 70.00, 37
2026/10/06 23:31:34.377, 0, 2429, 70.81, 37
2026/10/06 23:31:35.378, 0, 4451, 71.94, 37
2026/10/06 23:31:36.378, 33, 4707, 88.62, 38
2026/10/06 23:31:37.378, 31, 4707, 95.39, 38
2026/10/06 23:31:38.378, 33, 4707, 94.93, 38
2026/10/06 23:31:39.379, 44, 4707, 81.86, 38
2026/10/06 23:31:40.379, 31, 4707, 98.56, 38
2026/10/06 23:31:41.379, 31, 4707, 94.94, 38
2026/10/06 23:31:42.379, 0, 4707, 93.30, 38
2026/10/06 23:31:43.385, 33, 4707, 87.96, 42
2026/10/06 23:31:44.385, 31, 4707, 97.23, 39
2026/10/06 23:31:45.385, 33, 4707, 96.55, 39
2026/10/06 23:31:46.386, 10, 4707, 84.45, 38
2026/10/06 23:31:47.386, 33, 4707, 96.38, 39
2026/10/06 23:31:48.392, 32, 4707, 95.60, 39
2026/10/06 23:31:49.392, 0, 4707, 94.60, 39
2026/10/06 23:31:50.392, 0, 2600, 74.71, 38
2026/10/06 23:31:51.392, 5, 677, 70.71, 38
2026/10/06 23:31:52.392, 0, 677, 71.09, 38
2026/10/06 23:31:53.398, 0, 677, 52.19, 37
2026/10/06 23:31:54.399, 0, 677, 44.64, 37
2026/10/06 23:31:55.399, 0, 677, 31.35, 37
2026/10/06 23:31:56.399, 0, 680, 29.38, 37
2026/10/06 23:31:57.403, 0, 1222, 52.90, 38
2026/10/06 23:31:58.409, 0, 1222, 70.67, 38
2026/10/06 23:31:59.409, 0, 2374, 70.13, 38
2026/10/06 23:32:00.410, 0, 2443, 70.64, 38
2026/10/06 23:32:01.410, 0, 4451, 71.62, 38
2026/10/06 23:32:02.410, 0, 4451, 70.67, 38
2026/10/06 23:32:03.416, 0, 4451, 69.43, 38
2026/10/06 23:32:04.416, 0, 4451, 69.49, 38
2026/10/06 23:32:05.416, 0, 4551, 83.28, 39
2026/10/06 23:32:06.417, 0, 9521, 81.70, 38
2026/10/06 23:32:07.417, 0, 9949, 97.77, 40
2026/10/06 23:32:08.417, 45, 9949, 120.51, 40
2026/10/06 23:32:09.417, 46, 9949, 120.69, 41
2026/10/06 23:32:10.417, 44, 9949, 120.79, 41
2026/10/06 23:32:11.417, 44, 9950, 113.88, 40
2026/10/06 23:32:12.418, 48, 9950, 131.62, 41
2026/10/06 23:32:13.418, 47, 9946, 122.01, 41
2026/10/06 23:32:14.418, 48, 9946, 122.55, 41
2026/10/06 23:32:15.418, 46, 9874, 112.74, 40
2026/10/06 23:32:16.418, 1, 2748, 85.85, 40
2026/10/06 23:32:17.419, 0, 678, 83.07, 40
2026/10/06 23:32:18.425, 0, 678, 76.49, 39
2026/10/06 23:32:19.425, 0, 678, 55.36, 39
2026/10/06 23:32:20.425, 0, 678, 55.36, 38
2026/10/06 23:32:21.425, 0, 678, 46.29, 38
2026/10/06 23:32:22.425, 0, 1158, 34.23, 38
2026/10/06 23:32:23.432, 12, 1222, 58.22, 39
2026/10/06 23:32:24.432, 0, 1222, 71.57, 39
2026/10/06 23:32:25.432, 0, 2374, 71.62, 39
2026/10/06 23:32:26.432, 0, 2773, 72.01, 39
2026/10/06 23:32:27.432, 1, 4451, 72.27, 39
2026/10/06 23:32:28.432, 0, 4451, 71.47, 39
2026/10/06 23:32:29.433, 0, 4451, 70.37, 39
2026/10/06 23:32:30.433, 0, 4451, 70.57, 39
2026/10/06 23:32:31.433, 0, 4646, 83.87, 40
2026/10/06 23:32:32.433, 0, 7740, 88.58, 40
2026/10/06 23:32:33.434, 0, 14734, 89.02, 40
2026/10/06 23:32:34.434, 3, 15416, 115.02, 42
2026/10/06 23:32:35.434, 59, 15416, 132.24, 42
2026/10/06 23:32:36.434, 58, 15416, 133.57, 42
2026/10/06 23:32:37.435, 57, 15416, 133.49, 43
2026/10/06 23:32:38.435, 58, 15416, 133.69, 43
2026/10/06 23:32:39.436, 58, 15272, 134.10, 43
2026/10/06 23:32:40.436, 6, 3086, 104.42, 41
2026/10/06 23:32:41.436, 0, 3084, 86.03, 40
2026/10/06 23:32:42.436, 25, 678, 81.28, 40
2026/10/06 23:32:43.437, 0, 678, 72.10, 40
2026/10/06 23:32:44.437, 0, 678, 63.28, 39
2026/10/06 23:32:45.479, 0, 681, 40.14, 39
2026/10/06 23:32:46.479, 0, 681, 33.25, 38
2026/10/06 23:32:47.479, 0, 1699, 42.03, 40
2026/10/06 23:32:48.479, 0, 1699, 72.77, 40
2026/10/06 23:32:49.479, 0, 2851, 72.19, 40
2026/10/06 23:32:50.480, 0, 2906, 72.24, 40
2026/10/06 23:32:51.480, 0, 4929, 73.35, 40
2026/10/06 23:32:52.480, 0, 4929, 73.10, 40
2026/10/06 23:32:53.480, 0, 4929, 72.18, 40
2026/10/06 23:32:54.480, 0, 4929, 71.45, 40
2026/10/06 23:32:55.480, 0, 4926, 71.72, 40
2026/10/06 23:32:56.481, 0, 5153, 86.90, 40
2026/10/06 23:32:57.481, 11, 15044, 90.41, 40
2026/10/06 23:32:58.481, 0, 15894, 94.78, 42
2026/10/06 23:32:59.481, 59, 15894, 144.38, 43
2026/10/06 23:33:00.481, 56, 15894, 132.61, 43
2026/10/06 23:33:01.481, 58, 15891, 133.04, 43
2026/10/06 23:33:02.482, 56, 15891, 133.16, 43
2026/10/06 23:33:03.482, 55, 15891, 133.33, 43
2026/10/06 23:33:04.482, 58, 13218, 122.52, 41
2026/10/06 23:33:05.510, 76, 3563, 93.18, 41
2026/10/06 23:33:06.510, 0, 1158, 83.57, 41
2026/10/06 23:33:07.511, 0, 1158, 77.26, 41
2026/10/06 23:33:08.511, 0, 1158, 75.35, 40
2026/10/06 23:33:09.511, 0, 1158, 51.80, 39
2026/10/06 23:33:10.511, 0, 1158, 44.25, 39
2026/10/06 23:33:11.511, 0, 1158, 34.67, 39
2026/10/06 23:33:12.511, 0, 1158, 29.37, 39
2026/10/06 23:33:13.512, 0, 1158, 29.50, 39
2026/10/06 23:33:14.512, 0, 1158, 29.55, 39
2026/10/06 23:33:15.512, 0, 1158, 29.57, 39
2026/10/06 23:33:16.512, 0, 1158, 29.60, 38
2026/10/06 23:33:17.512, 0, 1158, 29.56, 38
2026/10/06 23:33:18.513, 0, 1158, 29.48, 38
2026/10/06 23:33:19.513, 0, 1158, 29.56, 38
2026/10/06 23:33:20.513, 0, 1158, 29.45, 38
2026/10/06 23:33:21.513, 0, 1158, 29.59, 38
2026/10/06 23:33:22.514, 0, 1158, 29.60, 38
2026/10/06 23:33:23.514, 0, 1158, 29.59, 38
2026/10/06 23:33:24.514, 0, 1158, 29.56, 38
2026/10/06 23:33:25.514, 0, 1158, 29.56, 38
2026/10/06 23:33:26.514, 0, 1158, 29.43, 38
2026/10/06 23:33:27.515, 2, 1482, 49.20, 39
2026/10/06 23:33:28.515, 1, 3052, 75.53, 39
2026/10/06 23:33:29.515, 74, 3054, 146.14, 44
2026/10/06 23:33:30.515, 65, 3054, 204.14, 45
2026/10/06 23:33:31.516, 70, 3054, 202.15, 45
2026/10/06 23:33:32.516, 66, 3054, 206.39, 46
2026/10/06 23:33:33.516, 69, 3054, 208.91, 46
2026/10/06 23:33:34.516, 67, 3054, 208.92, 46
2026/10/06 23:33:35.517, 81, 3054, 223.61, 46
2026/10/06 23:33:36.517, 0, 3054, 163.69, 46
2026/10/06 23:33:37.517, 62, 3054, 205.24, 46
2026/10/06 23:33:38.517, 61, 3054, 207.24, 48
2026/10/06 23:33:39.518, 62, 3054, 208.37, 48
2026/10/06 23:33:40.518, 66, 3054, 205.13, 48
2026/10/06 23:33:41.518, 57, 3054, 199.52, 48
2026/10/06 23:33:42.518, 57, 3054, 199.79, 49
2026/10/06 23:33:43.519, 80, 3054, 199.49, 44
2026/10/06 23:33:44.519, 68, 3054, 163.75, 48
2026/10/06 23:33:45.519, 70, 3054, 206.04, 48
2026/10/06 23:33:46.520, 68, 3054, 208.02, 50
2026/10/06 23:33:47.520, 66, 3054, 208.44, 50
2026/10/06 23:33:48.520, 62, 3054, 206.49, 50
2026/10/06 23:33:49.521, 61, 3054, 210.03, 50
2026/10/06 23:33:50.521, 68, 3054, 213.06, 50
2026/10/06 23:33:51.521, 0, 3054, 162.38, 49
2026/10/06 23:33:52.521, 58, 3054, 177.21, 45
2026/10/06 23:33:53.522, 0, 3054, 103.43, 45
